AccidentTwoWays_Town12_Route1102_Weather10.tar.gz	431879587
AccidentTwoWays_Town12_Route1103_Weather11.tar.gz	279443560
AccidentTwoWays_Town12_Route1104_Weather12.tar.gz	268023816
AccidentTwoWays_Town12_Route1105_Weather13.tar.gz	146208246
AccidentTwoWays_Town12_Route1106_Weather14.tar.gz	296301415
AccidentTwoWays_Town12_Route1107_Weather15.tar.gz	487429369
AccidentTwoWays_Town12_Route1109_Weather9.tar.gz	259856278
AccidentTwoWays_Town12_Route1110_Weather18.tar.gz	805422958
AccidentTwoWays_Town12_Route1111_Weather19.tar.gz	483146320
AccidentTwoWays_Town12_Route1112_Weather20.tar.gz	305195309
AccidentTwoWays_Town12_Route1113_Weather21.tar.gz	252507680
AccidentTwoWays_Town12_Route1114_Weather22.tar.gz	385267137
AccidentTwoWays_Town12_Route1115_Weather23.tar.gz	378045977
AccidentTwoWays_Town12_Route1116_Weather23.tar.gz	325781760
AccidentTwoWays_Town12_Route1117_Weather25.tar.gz	411153955
AccidentTwoWays_Town12_Route1119_Weather1.tar.gz	983866449
AccidentTwoWays_Town12_Route1120_Weather2.tar.gz	296100580
AccidentTwoWays_Town12_Route1121_Weather3.tar.gz	181759292
AccidentTwoWays_Town12_Route1124_Weather18.tar.gz	1240922644
AccidentTwoWays_Town12_Route1126_Weather8.tar.gz	312852145
AccidentTwoWays_Town12_Route1127_Weather9.tar.gz	302025157
AccidentTwoWays_Town12_Route1444_Weather0.tar.gz	341845960
AccidentTwoWays_Town12_Route1445_Weather1.tar.gz	421161539
AccidentTwoWays_Town12_Route1446_Weather2.tar.gz	325838936
AccidentTwoWays_Town12_Route1448_Weather5.tar.gz	307719445
AccidentTwoWays_Town12_Route1453_Weather12.tar.gz	321739513
AccidentTwoWays_Town12_Route1454_Weather13.tar.gz	241022808
AccidentTwoWays_Town12_Route1455_Weather14.tar.gz	268420165
AccidentTwoWays_Town12_Route1456_Weather15.tar.gz	307288254
AccidentTwoWays_Town12_Route1458_Weather9.tar.gz	235261670
AccidentTwoWays_Town12_Route1459_Weather18.tar.gz	309292436
AccidentTwoWays_Town12_Route1461_Weather20.tar.gz	400187739
AccidentTwoWays_Town12_Route1463_Weather22.tar.gz	276586405
AccidentTwoWays_Town12_Route1468_Weather2.tar.gz	412947975
AccidentTwoWays_Town12_Route1469_Weather3.tar.gz	318815267
Accident_Town03_Route101_Weather23.tar.gz	174853755
Accident_Town03_Route102_Weather20.tar.gz	194025708
Accident_Town03_Route146_Weather8.tar.gz	242654284
Accident_Town03_Route156_Weather0.tar.gz	264497958
Accident_Town04_Route159_Weather3.tar.gz	312299119
Accident_Town04_Route160_Weather3.tar.gz	301736807
Accident_Town04_Route205_Weather23.tar.gz	257542485
Accident_Town05_Route218_Weather10.tar.gz	246433697
Accident_Town05_Route219_Weather11.tar.gz	283002864
Accident_Town06_Route279_Weather19.tar.gz	203646607
Accident_Town06_Route280_Weather11.tar.gz	244529006
Accident_Town06_Route308_Weather22.tar.gz	212361840
Accident_Town06_Route327_Weather15.tar.gz	247663969
Accident_Town12_Route1108_Weather8.tar.gz	149203258
Accident_Town12_Route1122_Weather3.tar.gz	266836027
Accident_Town12_Route766_Weather12.tar.gz	240962064
Accident_Town12_Route767_Weather13.tar.gz	237451352
Accident_Town12_Route768_Weather14.tar.gz	250285692
Accident_Town12_Route769_Weather15.tar.gz	293533515
Accident_Town12_Route956_Weather20.tar.gz	799057991
Accident_Town12_Route957_Weather21.tar.gz	365035493
Accident_Town13_Route550_Weather3.tar.gz	493024693
Accident_Town13_Route551_Weather5.tar.gz	648538952
Accident_Town13_Route552_Weather6.tar.gz	352188421
Accident_Town15_Route411_Weather21.tar.gz	345218591
Accident_Town15_Route412_Weather22.tar.gz	887687471
Accident_Town15_Route413_Weather23.tar.gz	562723878
Accident_Town15_Route414_Weather23.tar.gz	661437491
BlockedIntersection_Town03_Route134_Weather3.tar.gz	481369531
BlockedIntersection_Town03_Route135_Weather5.tar.gz	652151028
BlockedIntersection_Town03_Route136_Weather6.tar.gz	244235614
BlockedIntersection_Town04_Route193_Weather11.tar.gz	409128574
BlockedIntersection_Town04_Route194_Weather12.tar.gz	305276272
BlockedIntersection_Town04_Route195_Weather13.tar.gz	414226256
BlockedIntersection_Town05_Route247_Weather19.tar.gz	359698927
BlockedIntersection_Town05_Route248_Weather14.tar.gz	297625633
BlockedIntersection_Town05_Route272_Weather12.tar.gz	660231980
BlockedIntersection_Town07_Route351_Weather13.tar.gz	381908882
BlockedIntersection_Town07_Route352_Weather14.tar.gz	358510616
BlockedIntersection_Town07_Route353_Weather15.tar.gz	302209816
BlockedIntersection_Town10HD_Route391_Weather1.tar.gz	600995368
BlockedIntersection_Town12_Route834_Weather2.tar.gz	317415439
BlockedIntersection_Town12_Route835_Weather3.tar.gz	289873027
BlockedIntersection_Town12_Route836_Weather3.tar.gz	1046553390
BlockedIntersection_Town12_Route936_Weather0.tar.gz	610053596
BlockedIntersection_Town13_Route615_Weather9.tar.gz	453689897
BlockedIntersection_Town13_Route616_Weather18.tar.gz	683948671
BlockedIntersection_Town13_Route617_Weather19.tar.gz	436163992
BlockedIntersection_Town13_Route618_Weather20.tar.gz	273102207
BlockedIntersection_Town15_Route485_Weather9.tar.gz	578951153
BlockedIntersection_Town15_Route486_Weather18.tar.gz	919999680
ConstructionObstacleTwoWays_Town12_Route1080_Weather14.tar.gz	253940881
ConstructionObstacleTwoWays_Town12_Route1083_Weather9.tar.gz	229462137
ConstructionObstacleTwoWays_Town12_Route1084_Weather5.tar.gz	477305303
ConstructionObstacleTwoWays_Town12_Route1085_Weather6.tar.gz	264949484
ConstructionObstacleTwoWays_Town12_Route1086_Weather20.tar.gz	253318591
ConstructionObstacleTwoWays_Town12_Route1089_Weather23.tar.gz	257293507
ConstructionObstacleTwoWays_Town12_Route1091_Weather12.tar.gz	247928155
ConstructionObstacleTwoWays_Town12_Route1093_Weather1.tar.gz	344327293
ConstructionObstacleTwoWays_Town12_Route1094_Weather2.tar.gz	443320581
ConstructionObstacleTwoWays_Town12_Route1095_Weather3.tar.gz	303682962
ConstructionObstacleTwoWays_Town12_Route1096_Weather3.tar.gz	311856070
ConstructionObstacleTwoWays_Town12_Route1097_Weather5.tar.gz	354544741
ConstructionObstacleTwoWays_Town12_Route1098_Weather6.tar.gz	333545230
ConstructionObstacleTwoWays_Town12_Route1099_Weather7.tar.gz	355038530
ConstructionObstacleTwoWays_Town12_Route1100_Weather14.tar.gz	707528400
ConstructionObstacleTwoWays_Town12_Route1404_Weather26.tar.gz	380727070
ConstructionObstacleTwoWays_Town12_Route1406_Weather26.tar.gz	359022318
ConstructionObstacleTwoWays_Town12_Route1410_Weather26.tar.gz	361357063
ConstructionObstacleTwoWays_Town12_Route1413_Weather26.tar.gz	341440809
ConstructionObstacleTwoWays_Town12_Route1414_Weather26.tar.gz	372128998
ConstructionObstacleTwoWays_Town12_Route1415_Weather26.tar.gz	362560911
ConstructionObstacleTwoWays_Town12_Route1418_Weather26.tar.gz	393442859
ConstructionObstacleTwoWays_Town12_Route1419_Weather26.tar.gz	384819045
ConstructionObstacleTwoWays_Town12_Route1421_Weather26.tar.gz	384804277
ConstructionObstacleTwoWays_Town12_Route1422_Weather26.tar.gz	361347931
ConstructionObstacleTwoWays_Town12_Route1424_Weather26.tar.gz	408502814
ConstructionObstacleTwoWays_Town12_Route1425_Weather26.tar.gz	418454399
ConstructionObstacle_Town03_Route60_Weather8.tar.gz	148863523
ConstructionObstacle_Town03_Route61_Weather9.tar.gz	191885610
ConstructionObstacle_Town03_Route62_Weather10.tar.gz	183568087
ConstructionObstacle_Town03_Route63_Weather11.tar.gz	129055189
ConstructionObstacle_Town04_Route64_Weather12.tar.gz	231452251
ConstructionObstacle_Town04_Route65_Weather13.tar.gz	216145499
ConstructionObstacle_Town04_Route66_Weather14.tar.gz	217961417
ConstructionObstacle_Town04_Route67_Weather15.tar.gz	219926136
ConstructionObstacle_Town05_Route68_Weather8.tar.gz	287017092
ConstructionObstacle_Town05_Route69_Weather9.tar.gz	242368119
ConstructionObstacle_Town05_Route70_Weather18.tar.gz	323684357
ConstructionObstacle_Town05_Route71_Weather19.tar.gz	224768446
ConstructionObstacle_Town06_Route72_Weather20.tar.gz	235630982
ConstructionObstacle_Town06_Route73_Weather21.tar.gz	129785887
ConstructionObstacle_Town10HD_Route74_Weather22.tar.gz	235784985
ConstructionObstacle_Town12_Route75_Weather23.tar.gz	345212222
ConstructionObstacle_Town12_Route76_Weather23.tar.gz	248482655
ConstructionObstacle_Town12_Route77_Weather25.tar.gz	149586435
ConstructionObstacle_Town12_Route78_Weather0.tar.gz	182273154
ConstructionObstacle_Town12_Route79_Weather1.tar.gz	273042524
ConstructionObstacle_Town13_Route80_Weather2.tar.gz	363659201
ConstructionObstacle_Town13_Route81_Weather3.tar.gz	469022128
ConstructionObstacle_Town13_Route82_Weather3.tar.gz	353761464
ConstructionObstacle_Town13_Route83_Weather5.tar.gz	506541569
ConstructionObstacle_Town15_Route84_Weather6.tar.gz	456799112
ConstructionObstacle_Town15_Route85_Weather7.tar.gz	568546367
ConstructionObstacle_Town15_Route87_Weather9.tar.gz	169725164
ControlLoss_Town04_Route169_Weather13.tar.gz	413814300
ControlLoss_Town04_Route170_Weather14.tar.gz	354467906
ControlLoss_Town07_Route332_Weather20.tar.gz	525532824
ControlLoss_Town07_Route333_Weather21.tar.gz	363767594
ControlLoss_Town10HD_Route377_Weather13.tar.gz	210696563
ControlLoss_Town10HD_Route378_Weather14.tar.gz	286046217
ControlLoss_Town11_Route401_Weather11.tar.gz	99078817
ControlLoss_Town11_Route402_Weather12.tar.gz	69532663
ControlLoss_Town13_Route574_Weather19.tar.gz	492282676
ControlLoss_Town15_Route430_Weather14.tar.gz	688837715
ControlLoss_Town15_Route431_Weather15.tar.gz	548666503
ControlLoss_Town15_Route432_Weather8.tar.gz	431639375
ControlLoss_Town15_Route433_Weather9.tar.gz	463186634
CrossingBicycleFlow_Town12_Route1011_Weather23.tar.gz	401621672
CrossingBicycleFlow_Town12_Route1012_Weather23.tar.gz	839194598
CrossingBicycleFlow_Town12_Route1032_Weather18.tar.gz	377496481
CrossingBicycleFlow_Town12_Route1044_Weather3.tar.gz	469708098
CrossingBicycleFlow_Town12_Route1050_Weather10.tar.gz	493155757
CrossingBicycleFlow_Town12_Route1061_Weather21.tar.gz	436671527
CrossingBicycleFlow_Town12_Route1062_Weather22.tar.gz	471402030
CrossingBicycleFlow_Town12_Route1063_Weather23.tar.gz	422176592
CrossingBicycleFlow_Town12_Route1064_Weather23.tar.gz	379289929
CrossingBicycleFlow_Town12_Route1065_Weather25.tar.gz	311661774
CrossingBicycleFlow_Town12_Route1066_Weather0.tar.gz	507973097
CrossingBicycleFlow_Town12_Route1067_Weather1.tar.gz	167996518
CrossingBicycleFlow_Town12_Route1068_Weather2.tar.gz	462889503
CrossingBicycleFlow_Town12_Route1070_Weather3.tar.gz	1012245809
CrossingBicycleFlow_Town12_Route1071_Weather0.tar.gz	507161597
CrossingBicycleFlow_Town12_Route1072_Weather6.tar.gz	485753024
CrossingBicycleFlow_Town12_Route1073_Weather7.tar.gz	814378436
CrossingBicycleFlow_Town12_Route1074_Weather8.tar.gz	679854628
CrossingBicycleFlow_Town12_Route1075_Weather9.tar.gz	576222279
CrossingBicycleFlow_Town12_Route1076_Weather10.tar.gz	494868200
CrossingBicycleFlow_Town12_Route1077_Weather11.tar.gz	358981207
CrossingBicycleFlow_Town12_Route1078_Weather12.tar.gz	886450197
CrossingBicycleFlow_Town12_Route860_Weather2.tar.gz	536140647
CrossingBicycleFlow_Town12_Route862_Weather3.tar.gz	536556540
CrossingBicycleFlow_Town12_Route863_Weather5.tar.gz	475465833
CrossingBicycleFlow_Town12_Route977_Weather15.tar.gz	364346930
DynamicObjectCrossing_Town01_Route1_Weather1.tar.gz	323155259
DynamicObjectCrossing_Town01_Route2_Weather2.tar.gz	879914987
DynamicObjectCrossing_Town01_Route3_Weather3.tar.gz	279952165
DynamicObjectCrossing_Town01_Route4_Weather3.tar.gz	287214189
DynamicObjectCrossing_Town01_Route5_Weather2.tar.gz	278760625
DynamicObjectCrossing_Town01_Route6_Weather6.tar.gz	241933364
DynamicObjectCrossing_Town01_Route7_Weather7.tar.gz	257576087
DynamicObjectCrossing_Town01_Route8_Weather3.tar.gz	281651674
DynamicObjectCrossing_Town02_Route11_Weather11.tar.gz	224203134
DynamicObjectCrossing_Town02_Route12_Weather12.tar.gz	216906406
DynamicObjectCrossing_Town02_Route13_Weather6.tar.gz	280176944
DynamicObjectCrossing_Town02_Route14_Weather14.tar.gz	258929584
DynamicObjectCrossing_Town02_Route15_Weather15.tar.gz	258690228
DynamicObjectCrossing_Town02_Route9_Weather9.tar.gz	226983293
DynamicObjectCrossing_Town10HD_Route18_Weather18.tar.gz	203557817
DynamicObjectCrossing_Town10HD_Route19_Weather19.tar.gz	194851173
DynamicObjectCrossing_Town11_Route20_Weather20.tar.gz	53176605
DynamicObjectCrossing_Town12_Route21_Weather21.tar.gz	267342607
DynamicObjectCrossing_Town12_Route22_Weather22.tar.gz	108718255
DynamicObjectCrossing_Town12_Route23_Weather23.tar.gz	255484401
DynamicObjectCrossing_Town13_Route24_Weather23.tar.gz	143503611
DynamicObjectCrossing_Town13_Route25_Weather25.tar.gz	284459303
DynamicObjectCrossing_Town13_Route26_Weather0.tar.gz	270421722
DynamicObjectCrossing_Town15_Route27_Weather1.tar.gz	257970893
DynamicObjectCrossing_Town15_Route28_Weather2.tar.gz	308198385
DynamicObjectCrossing_Town15_Route29_Weather3.tar.gz	251768702
EnterActorFlow_Town03_Route132_Weather2.tar.gz	462923906
EnterActorFlow_Town04_Route192_Weather10.tar.gz	215034847
EnterActorFlow_Town05_Route245_Weather9.tar.gz	361173359
EnterActorFlow_Town05_Route271_Weather11.tar.gz	678355546
EnterActorFlow_Town07_Route348_Weather10.tar.gz	195498004
EnterActorFlow_Town07_Route349_Weather11.tar.gz	161068354
EnterActorFlow_Town07_Route350_Weather12.tar.gz	815011471
EnterActorFlow_Town12_Route830_Weather23.tar.gz	93976589
EnterActorFlow_Town12_Route831_Weather25.tar.gz	145856660
EnterActorFlow_Town12_Route832_Weather0.tar.gz	635637526
EnterActorFlow_Town13_Route611_Weather13.tar.gz	142556865
EnterActorFlow_Town13_Route612_Weather14.tar.gz	453593675
EnterActorFlow_Town13_Route613_Weather15.tar.gz	110003793
EnterActorFlow_Town13_Route614_Weather8.tar.gz	247701625
EnterActorFlow_Town13_Route681_Weather5.tar.gz	495973968
HardBreakRoute_Town01_Route30_Weather3.tar.gz	426576889
HardBreakRoute_Town01_Route31_Weather5.tar.gz	401177647
HardBreakRoute_Town01_Route32_Weather6.tar.gz	376360156
HardBreakRoute_Town02_Route33_Weather7.tar.gz	261815491
HardBreakRoute_Town02_Route34_Weather8.tar.gz	199958468
HardBreakRoute_Town02_Route35_Weather9.tar.gz	177504376
HardBreakRoute_Town03_Route36_Weather10.tar.gz	419818184
HardBreakRoute_Town03_Route37_Weather11.tar.gz	152762660
HardBreakRoute_Town03_Route38_Weather12.tar.gz	515689383
HardBreakRoute_Town04_Route39_Weather13.tar.gz	300681407
HardBreakRoute_Town04_Route40_Weather14.tar.gz	341353021
HardBreakRoute_Town04_Route41_Weather15.tar.gz	308379371
HardBreakRoute_Town05_Route42_Weather8.tar.gz	832662119
HardBreakRoute_Town05_Route43_Weather9.tar.gz	307973685
HardBreakRoute_Town05_Route44_Weather18.tar.gz	415438043
HardBreakRoute_Town06_Route45_Weather19.tar.gz	288096662
HardBreakRoute_Town06_Route46_Weather20.tar.gz	376398720
HardBreakRoute_Town07_Route47_Weather21.tar.gz	466413936
HardBreakRoute_Town07_Route48_Weather22.tar.gz	508273219
HardBreakRoute_Town10HD_Route49_Weather23.tar.gz	296640328
HardBreakRoute_Town11_Route50_Weather23.tar.gz	73424788
HardBreakRoute_Town12_Route51_Weather25.tar.gz	208795577
HardBreakRoute_Town12_Route52_Weather0.tar.gz	244441203
HardBreakRoute_Town12_Route53_Weather1.tar.gz	248506847
HardBreakRoute_Town13_Route1337_Weather26.tar.gz	876427546
HardBreakRoute_Town13_Route1338_Weather26.tar.gz	864328697
HardBreakRoute_Town13_Route1339_Weather26.tar.gz	850970855
HardBreakRoute_Town13_Route1340_Weather26.tar.gz	347234021
HardBreakRoute_Town13_Route1341_Weather26.tar.gz	1247146940
HardBreakRoute_Town13_Route54_Weather2.tar.gz	473644750
HardBreakRoute_Town13_Route55_Weather3.tar.gz	515994279
HardBreakRoute_Town13_Route56_Weather3.tar.gz	463089266
HardBreakRoute_Town15_Route57_Weather5.tar.gz	924983641
HardBreakRoute_Town15_Route58_Weather6.tar.gz	578407693
HardBreakRoute_Town15_Route59_Weather7.tar.gz	3010262100
HazardAtSideLaneTwoWays_Town12_Route1128_Weather10.tar.gz	425816580
HazardAtSideLaneTwoWays_Town12_Route1129_Weather11.tar.gz	350329598
HazardAtSideLaneTwoWays_Town12_Route1130_Weather12.tar.gz	449329760
HazardAtSideLaneTwoWays_Town12_Route1131_Weather13.tar.gz	410631063
HazardAtSideLaneTwoWays_Town12_Route1132_Weather14.tar.gz	443730002
HazardAtSideLaneTwoWays_Town12_Route1133_Weather15.tar.gz	419049952
HazardAtSideLaneTwoWays_Town12_Route1134_Weather8.tar.gz	521969129
HazardAtSideLaneTwoWays_Town12_Route1135_Weather9.tar.gz	492960174
HazardAtSideLaneTwoWays_Town12_Route1136_Weather18.tar.gz	427688466
HazardAtSideLaneTwoWays_Town12_Route1137_Weather19.tar.gz	239755082
HazardAtSideLaneTwoWays_Town12_Route1138_Weather20.tar.gz	192261842
HazardAtSideLaneTwoWays_Town12_Route1139_Weather21.tar.gz	288781374
HazardAtSideLaneTwoWays_Town12_Route1140_Weather22.tar.gz	380509810
HazardAtSideLaneTwoWays_Town12_Route1141_Weather23.tar.gz	431591635
HazardAtSideLaneTwoWays_Town12_Route1142_Weather23.tar.gz	342418533
HazardAtSideLaneTwoWays_Town12_Route1143_Weather25.tar.gz	163288807
HazardAtSideLaneTwoWays_Town12_Route1144_Weather0.tar.gz	406530516
HazardAtSideLaneTwoWays_Town12_Route1145_Weather1.tar.gz	653206340
HazardAtSideLaneTwoWays_Town12_Route1146_Weather2.tar.gz	611959081
HazardAtSideLaneTwoWays_Town12_Route1147_Weather3.tar.gz	592577667
HazardAtSideLaneTwoWays_Town12_Route1151_Weather7.tar.gz	584021303
HazardAtSideLaneTwoWays_Town12_Route1152_Weather8.tar.gz	346135203
HazardAtSideLaneTwoWays_Town12_Route1153_Weather9.tar.gz	343429218
HazardAtSideLaneTwoWays_Town12_Route1154_Weather10.tar.gz	370819790
HazardAtSideLaneTwoWays_Town12_Route1155_Weather11.tar.gz	449368590
HazardAtSideLaneTwoWays_Town12_Route1156_Weather12.tar.gz	139208951
HazardAtSideLaneTwoWays_Town12_Route1157_Weather13.tar.gz	167057772
HazardAtSideLane_Town03_Route105_Weather22.tar.gz	91200165
HazardAtSideLane_Town03_Route106_Weather23.tar.gz	175342898
HazardAtSideLane_Town04_Route164_Weather8.tar.gz	226620307
HazardAtSideLane_Town05_Route222_Weather0.tar.gz	284488502
HazardAtSideLane_Town05_Route223_Weather15.tar.gz	284760379
HazardAtSideLane_Town05_Route263_Weather3.tar.gz	264883778
HazardAtSideLane_Town06_Route283_Weather23.tar.gz	207194553
HazardAtSideLane_Town06_Route329_Weather9.tar.gz	210842578
HazardAtSideLane_Town10HD_Route373_Weather9.tar.gz	217312677
HazardAtSideLane_Town12_Route1506_Weather0.tar.gz	396237938
HazardAtSideLane_Town12_Route1507_Weather1.tar.gz	544755357
HazardAtSideLane_Town12_Route1508_Weather2.tar.gz	521535007
HazardAtSideLane_Town12_Route1512_Weather7.tar.gz	338689368
HazardAtSideLane_Town12_Route1515_Weather12.tar.gz	390757691
HazardAtSideLane_Town12_Route1516_Weather13.tar.gz	403911498
HazardAtSideLane_Town12_Route1517_Weather14.tar.gz	456694330
HazardAtSideLane_Town12_Route1518_Weather15.tar.gz	260719936
HazardAtSideLane_Town12_Route1519_Weather8.tar.gz	223474540
HazardAtSideLane_Town12_Route1520_Weather9.tar.gz	150569458
HazardAtSideLane_Town12_Route1521_Weather18.tar.gz	438379994
HazardAtSideLane_Town12_Route1523_Weather20.tar.gz	548086984
HazardAtSideLane_Town12_Route1524_Weather21.tar.gz	466784189
HazardAtSideLane_Town12_Route1525_Weather22.tar.gz	417041584
HazardAtSideLane_Town12_Route1526_Weather23.tar.gz	178301097
HazardAtSideLane_Town12_Route1527_Weather25.tar.gz	145113992
HazardAtSideLane_Town12_Route1528_Weather0.tar.gz	200329720
HazardAtSideLane_Town12_Route1530_Weather2.tar.gz	356818778
HazardAtSideLane_Town12_Route1532_Weather5.tar.gz	461063902
HazardAtSideLane_Town12_Route1533_Weather6.tar.gz	262624979
HazardAtSideLane_Town12_Route1534_Weather7.tar.gz	222050817
HazardAtSideLane_Town12_Route1535_Weather10.tar.gz	512897769
HazardAtSideLane_Town12_Route1536_Weather11.tar.gz	340589178
HazardAtSideLane_Town12_Route1537_Weather12.tar.gz	385653352
HazardAtSideLane_Town12_Route1538_Weather13.tar.gz	189348665
HazardAtSideLane_Town12_Route774_Weather20.tar.gz	195065723
HazardAtSideLane_Town12_Route775_Weather12.tar.gz	136248619
HazardAtSideLane_Town12_Route777_Weather23.tar.gz	217794450
HazardAtSideLane_Town12_Route915_Weather7.tar.gz	453141626
HazardAtSideLane_Town12_Route960_Weather20.tar.gz	185057089
HazardAtSideLane_Town12_Route961_Weather25.tar.gz	391797619
HazardAtSideLane_Town13_Route558_Weather12.tar.gz	569779798
HazardAtSideLane_Town15_Route420_Weather3.tar.gz	415545207
HazardAtSideLane_Town15_Route421_Weather5.tar.gz	216398878
HighwayCutIn_Town06_Route298_Weather20.tar.gz	151733498
HighwayCutIn_Town06_Route299_Weather13.tar.gz	158819801
HighwayCutIn_Town06_Route300_Weather14.tar.gz	151149491
HighwayCutIn_Town06_Route320_Weather8.tar.gz	186373828
HighwayCutIn_Town06_Route321_Weather9.tar.gz	161123191
HighwayCutIn_Town06_Route322_Weather10.tar.gz	158556260
HighwayCutIn_Town12_Route1005_Weather9.tar.gz	195691936
HighwayCutIn_Town12_Route1006_Weather18.tar.gz	257587611
HighwayCutIn_Town12_Route1029_Weather15.tar.gz	190060406
HighwayCutIn_Town12_Route1042_Weather2.tar.gz	270215566
HighwayCutIn_Town12_Route1047_Weather7.tar.gz	274957240
HighwayCutIn_Town12_Route1052_Weather12.tar.gz	215805302
HighwayCutIn_Town12_Route849_Weather9.tar.gz	211207181
HighwayCutIn_Town12_Route850_Weather18.tar.gz	250885294
HighwayCutIn_Town12_Route851_Weather19.tar.gz	163839691
HighwayCutIn_Town12_Route940_Weather3.tar.gz	280477833
HighwayCutIn_Town12_Route974_Weather12.tar.gz	235771270
HighwayCutIn_Town13_Route628_Weather3.tar.gz	518388280
HighwayCutIn_Town13_Route629_Weather5.tar.gz	593847289
HighwayCutIn_Town13_Route630_Weather6.tar.gz	267973198
HighwayCutIn_Town13_Route631_Weather7.tar.gz	567260227
HighwayCutIn_Town13_Route685_Weather9.tar.gz	481916100
HighwayCutIn_Town13_Route713_Weather11.tar.gz	462573401
HighwayCutIn_Town13_Route734_Weather6.tar.gz	467018812
HighwayCutIn_Town13_Route745_Weather9.tar.gz	200269292
HighwayCutIn_Town13_Route750_Weather22.tar.gz	427593910
HighwayCutIn_Town13_Route751_Weather23.tar.gz	481171405
HighwayExit_Town06_Route291_Weather5.tar.gz	164158235
HighwayExit_Town06_Route292_Weather14.tar.gz	153066143
HighwayExit_Town06_Route293_Weather15.tar.gz	165293726
HighwayExit_Town06_Route311_Weather25.tar.gz	169724168
HighwayExit_Town06_Route312_Weather0.tar.gz	194572909
HighwayExit_Town06_Route313_Weather1.tar.gz	218599862
HighwayExit_Town12_Route1000_Weather12.tar.gz	302026823
HighwayExit_Town12_Route1028_Weather14.tar.gz	326825269
HighwayExit_Town12_Route1041_Weather1.tar.gz	380503753
HighwayExit_Town12_Route1046_Weather6.tar.gz	282308514
HighwayExit_Town12_Route1051_Weather11.tar.gz	206635940
HighwayExit_Town12_Route1324_Weather0.tar.gz	280882766
HighwayExit_Town12_Route1326_Weather2.tar.gz	236611991
HighwayExit_Town12_Route1327_Weather3.tar.gz	321910963
HighwayExit_Town12_Route1331_Weather10.tar.gz	299347172
HighwayExit_Town12_Route838_Weather6.tar.gz	276948575
HighwayExit_Town12_Route841_Weather9.tar.gz	212020378
HighwayExit_Town12_Route937_Weather1.tar.gz	252017031
HighwayExit_Town13_Route619_Weather21.tar.gz	564855216
HighwayExit_Town13_Route620_Weather22.tar.gz	555746704
HighwayExit_Town13_Route621_Weather23.tar.gz	539088118
HighwayExit_Town13_Route622_Weather23.tar.gz	505837776
HighwayExit_Town13_Route683_Weather7.tar.gz	640055057
HighwayExit_Town13_Route704_Weather2.tar.gz	622456041
HighwayExit_Town13_Route705_Weather3.tar.gz	598470606
HighwayExit_Town13_Route706_Weather3.tar.gz	613606602
HighwayExit_Town13_Route744_Weather8.tar.gz	581093636
HighwayExit_Town13_Route748_Weather20.tar.gz	522237104
HighwayExit_Town13_Route749_Weather21.tar.gz	532024157
InterurbanActorFlow_Town06_Route294_Weather8.tar.gz	157577277
InterurbanActorFlow_Town06_Route314_Weather2.tar.gz	182303493
InterurbanActorFlow_Town06_Route315_Weather3.tar.gz	201981663
InterurbanActorFlow_Town06_Route316_Weather3.tar.gz	205647882
InterurbanActorFlow_Town12_Route1291_Weather1.tar.gz	172837480
InterurbanActorFlow_Town12_Route1292_Weather2.tar.gz	308904217
InterurbanActorFlow_Town12_Route1296_Weather7.tar.gz	241568780
InterurbanActorFlow_Town12_Route842_Weather10.tar.gz	201093840
InterurbanActorFlow_Town12_Route843_Weather11.tar.gz	190442832
InterurbanActorFlow_Town12_Route938_Weather2.tar.gz	369301527
InterurbanActorFlow_Town13_Route623_Weather25.tar.gz	471936666
InterurbanActorFlow_Town13_Route707_Weather5.tar.gz	240698662
InterurbanActorFlow_Town13_Route708_Weather6.tar.gz	231856399
InterurbanAdvancedActorFlow_Town06_Route301_Weather15.tar.gz	174702489
InterurbanAdvancedActorFlow_Town06_Route302_Weather21.tar.gz	164693161
InterurbanAdvancedActorFlow_Town06_Route303_Weather22.tar.gz	150997605
InterurbanAdvancedActorFlow_Town06_Route324_Weather2.tar.gz	203089829
InterurbanAdvancedActorFlow_Town06_Route325_Weather13.tar.gz	116510342
InterurbanAdvancedActorFlow_Town06_Route330_Weather18.tar.gz	173657365
InterurbanAdvancedActorFlow_Town06_Route331_Weather19.tar.gz	113758993
InterurbanAdvancedActorFlow_Town12_Route1030_Weather8.tar.gz	251559541
InterurbanAdvancedActorFlow_Town12_Route1048_Weather8.tar.gz	263912425
InterurbanAdvancedActorFlow_Town12_Route854_Weather22.tar.gz	217906205
InterurbanAdvancedActorFlow_Town13_Route634_Weather10.tar.gz	564406350
InterurbanAdvancedActorFlow_Town13_Route686_Weather10.tar.gz	597324406
InterurbanAdvancedActorFlow_Town13_Route715_Weather13.tar.gz	483936169
InterurbanAdvancedActorFlow_Town13_Route735_Weather7.tar.gz	573437846
InterurbanAdvancedActorFlow_Town13_Route753_Weather25.tar.gz	481468083
InvadingTurn_Town02_Route95_Weather9.tar.gz	78613306
InvadingTurn_Town02_Route99_Weather21.tar.gz	74680692
InvadingTurn_Town04_Route217_Weather9.tar.gz	172052489
InvadingTurn_Town05_Route230_Weather22.tar.gz	152238928
InvadingTurn_Town05_Route231_Weather23.tar.gz	266824051
InvadingTurn_Town05_Route266_Weather6.tar.gz	204001087
InvadingTurn_Town12_Route796_Weather8.tar.gz	364352186
InvadingTurn_Town12_Route924_Weather14.tar.gz	262412245
InvadingTurn_Town12_Route925_Weather15.tar.gz	265723429
InvadingTurn_Town13_Route575_Weather3.tar.gz	437078350
InvadingTurn_Town13_Route578_Weather6.tar.gz	219799888
InvadingTurn_Town15_Route434_Weather18.tar.gz	566872603
InvadingTurn_Town15_Route436_Weather20.tar.gz	344452575
LaneChange_Town06_Route277_Weather9.tar.gz	154428739
LaneChange_Town06_Route307_Weather21.tar.gz	132357666
LaneChange_Town06_Route326_Weather3.tar.gz	185065636
LaneChange_Town12_Route756_Weather2.tar.gz	276947678
LaneChange_Town12_Route757_Weather10.tar.gz	267701316
LaneChange_Town12_Route892_Weather8.tar.gz	306833289
LaneChange_Town12_Route894_Weather10.tar.gz	288321868
LaneChange_Town12_Route983_Weather5.tar.gz	287680743
LaneChange_Town12_Route984_Weather22.tar.gz	188265662
LaneChange_Town13_Route664_Weather14.tar.gz	192822156
LaneChange_Town13_Route725_Weather23.tar.gz	636665567
LaneChange_Town13_Route726_Weather21.tar.gz	508714740
LaneChange_Town13_Route739_Weather25.tar.gz	104946465
LaneChange_Town13_Route740_Weather0.tar.gz	127526816
LaneChange_Town13_Route743_Weather3.tar.gz	551507186
MergerIntoSlowTrafficV2_Town12_Route1009_Weather21.tar.gz	177065408
MergerIntoSlowTrafficV2_Town12_Route1010_Weather22.tar.gz	181762946
MergerIntoSlowTrafficV2_Town12_Route1031_Weather9.tar.gz	172061273
MergerIntoSlowTrafficV2_Town12_Route1043_Weather3.tar.gz	194731006
MergerIntoSlowTrafficV2_Town12_Route1053_Weather13.tar.gz	149100042
MergerIntoSlowTrafficV2_Town12_Route1055_Weather15.tar.gz	167566156
MergerIntoSlowTrafficV2_Town12_Route1056_Weather8.tar.gz	176197073
MergerIntoSlowTrafficV2_Town12_Route1057_Weather9.tar.gz	161360740
MergerIntoSlowTrafficV2_Town12_Route1058_Weather18.tar.gz	222302036
MergerIntoSlowTrafficV2_Town12_Route1059_Weather19.tar.gz	169671453
MergerIntoSlowTrafficV2_Town12_Route1060_Weather20.tar.gz	173282984
MergerIntoSlowTrafficV2_Town12_Route856_Weather23.tar.gz	180138822
MergerIntoSlowTrafficV2_Town12_Route857_Weather25.tar.gz	167911447
MergerIntoSlowTrafficV2_Town12_Route858_Weather0.tar.gz	231372706
MergerIntoSlowTrafficV2_Town12_Route859_Weather1.tar.gz	225358341
MergerIntoSlowTrafficV2_Town12_Route941_Weather5.tar.gz	212523550
MergerIntoSlowTrafficV2_Town12_Route976_Weather14.tar.gz	169759195
MergerIntoSlowTrafficV2_Town15_Route525_Weather5.tar.gz	476215896
MergerIntoSlowTraffic_Town06_Route317_Weather5.tar.gz	217223866
MergerIntoSlowTraffic_Town12_Route1003_Weather8.tar.gz	351126413
MergerIntoSlowTraffic_Town12_Route1004_Weather8.tar.gz	307529384
MergerIntoSlowTraffic_Town12_Route844_Weather12.tar.gz	288350127
MergerIntoSlowTraffic_Town12_Route845_Weather13.tar.gz	244064838
MergerIntoSlowTraffic_Town12_Route973_Weather11.tar.gz	264881477
MergerIntoSlowTraffic_Town13_Route626_Weather2.tar.gz	677692834
MergerIntoSlowTraffic_Town13_Route627_Weather3.tar.gz	224479014
NonSignalizedJunctionLeftTurnEnterFlow_Town12_Route1022_Weather8.tar.gz	183191914
NonSignalizedJunctionLeftTurnEnterFlow_Town12_Route1035_Weather21.tar.gz	171294962
NonSignalizedJunctionLeftTurnEnterFlow_Town12_Route888_Weather3.tar.gz	156738569
NonSignalizedJunctionLeftTurnEnterFlow_Town12_Route891_Weather7.tar.gz	188090035
NonSignalizedJunctionLeftTurnEnterFlow_Town12_Route949_Weather13.tar.gz	76104449
NonSignalizedJunctionLeftTurnEnterFlow_Town12_Route982_Weather20.tar.gz	181464485
NonSignalizedJunctionLeftTurnEnterFlow_Town13_Route660_Weather10.tar.gz	123739662
NonSignalizedJunctionLeftTurnEnterFlow_Town13_Route661_Weather11.tar.gz	196161756
NonSignalizedJunctionLeftTurnEnterFlow_Town13_Route722_Weather20.tar.gz	127843299
NonSignalizedJunctionLeftTurnEnterFlow_Town13_Route723_Weather21.tar.gz	116663934
NonSignalizedJunctionLeftTurnEnterFlow_Town13_Route724_Weather22.tar.gz	116558252
NonSignalizedJunctionLeftTurnEnterFlow_Town13_Route738_Weather10.tar.gz	148447593
NonSignalizedJunctionLeftTurnEnterFlow_Town15_Route460_Weather18.tar.gz	130671742
NonSignalizedJunctionLeftTurnEnterFlow_Town15_Route499_Weather5.tar.gz	271586408
NonSignalizedJunctionLeftTurnEnterFlow_Town15_Route512_Weather18.tar.gz	116536811
NonSignalizedJunctionLeftTurnEnterFlow_Town15_Route532_Weather12.tar.gz	257856199
NonSignalizedJunctionLeftTurnEnterFlow_Town15_Route533_Weather13.tar.gz	255615682
NonSignalizedJunctionLeftTurnEnterFlow_Town15_Route537_Weather9.tar.gz	82749024
NonSignalizedJunctionLeftTurn_Town03_Route122_Weather26.tar.gz	157600405
NonSignalizedJunctionLeftTurn_Town03_Route123_Weather26.tar.gz	155598718
NonSignalizedJunctionLeftTurn_Town03_Route124_Weather26.tar.gz	160666483
NonSignalizedJunctionLeftTurn_Town03_Route153_Weather26.tar.gz	222202585
NonSignalizedJunctionLeftTurn_Town04_Route181_Weather15.tar.gz	1332988659
NonSignalizedJunctionLeftTurn_Town04_Route182_Weather26.tar.gz	451746570
NonSignalizedJunctionLeftTurn_Town04_Route183_Weather1.tar.gz	730148153
NonSignalizedJunctionLeftTurn_Town04_Route212_Weather26.tar.gz	319100778
NonSignalizedJunctionLeftTurn_Town05_Route238_Weather26.tar.gz	235576903
NonSignalizedJunctionLeftTurn_Town05_Route239_Weather26.tar.gz	645568686
NonSignalizedJunctionLeftTurn_Town05_Route240_Weather26.tar.gz	365141513
NonSignalizedJunctionLeftTurn_Town07_Route342_Weather3.tar.gz	166172004
NonSignalizedJunctionLeftTurn_Town07_Route344_Weather6.tar.gz	228514843
NonSignalizedJunctionLeftTurn_Town07_Route369_Weather18.tar.gz	370149774
NonSignalizedJunctionLeftTurn_Town12_Route1350_Weather0.tar.gz	215128126
NonSignalizedJunctionLeftTurn_Town12_Route1351_Weather1.tar.gz	239797759
NonSignalizedJunctionLeftTurn_Town12_Route1352_Weather2.tar.gz	249285408
NonSignalizedJunctionLeftTurn_Town12_Route1353_Weather3.tar.gz	641498771
NonSignalizedJunctionLeftTurn_Town12_Route1355_Weather6.tar.gz	228349002
NonSignalizedJunctionLeftTurn_Town12_Route1356_Weather7.tar.gz	225692722
NonSignalizedJunctionLeftTurn_Town12_Route1357_Weather10.tar.gz	209821452
NonSignalizedJunctionLeftTurn_Town12_Route1358_Weather11.tar.gz	186722219
NonSignalizedJunctionLeftTurn_Town12_Route1359_Weather12.tar.gz	222402769
NonSignalizedJunctionLeftTurn_Town12_Route1361_Weather14.tar.gz	221995532
NonSignalizedJunctionLeftTurn_Town12_Route1362_Weather15.tar.gz	341181173
NonSignalizedJunctionLeftTurn_Town12_Route1363_Weather8.tar.gz	236828031
NonSignalizedJunctionLeftTurn_Town12_Route810_Weather10.tar.gz	226423311
NonSignalizedJunctionLeftTurn_Town12_Route812_Weather12.tar.gz	149562035
NonSignalizedJunctionLeftTurn_Town12_Route813_Weather26.tar.gz	182312287
NonSignalizedJunctionLeftTurn_Town12_Route930_Weather20.tar.gz	163210550
NonSignalizedJunctionLeftTurn_Town12_Route966_Weather3.tar.gz	157907409
NonSignalizedJunctionLeftTurn_Town13_Route592_Weather26.tar.gz	150199193
NonSignalizedJunctionLeftTurn_Town13_Route593_Weather26.tar.gz	270489805
NonSignalizedJunctionLeftTurn_Town13_Route594_Weather26.tar.gz	158228018
NonSignalizedJunctionRightTurn_Town03_Route126_Weather18.tar.gz	173919693
NonSignalizedJunctionRightTurn_Town04_Route184_Weather2.tar.gz	239752927
NonSignalizedJunctionRightTurn_Town04_Route185_Weather9.tar.gz	269145176
NonSignalizedJunctionRightTurn_Town07_Route345_Weather14.tar.gz	223414665
NonSignalizedJunctionRightTurn_Town07_Route346_Weather15.tar.gz	309031402
NonSignalizedJunctionRightTurn_Town12_Route1024_Weather10.tar.gz	123501634
NonSignalizedJunctionRightTurn_Town12_Route815_Weather9.tar.gz	136537611
NonSignalizedJunctionRightTurn_Town12_Route816_Weather15.tar.gz	358542153
NonSignalizedJunctionRightTurn_Town12_Route817_Weather11.tar.gz	161948260
NonSignalizedJunctionRightTurn_Town12_Route931_Weather21.tar.gz	94436926
NonSignalizedJunctionRightTurn_Town12_Route967_Weather25.tar.gz	166272344
NonSignalizedJunctionRightTurn_Town13_Route595_Weather11.tar.gz	171240191
NonSignalizedJunctionRightTurn_Town13_Route596_Weather23.tar.gz	95721522
NonSignalizedJunctionRightTurn_Town13_Route598_Weather0.tar.gz	108594308
OppositeVehicleRunningRedLight_Town03_Route119_Weather12.tar.gz	97686170
OppositeVehicleRunningRedLight_Town03_Route120_Weather8.tar.gz	113901898
OppositeVehicleRunningRedLight_Town03_Route121_Weather13.tar.gz	218194933
OppositeVehicleRunningRedLight_Town03_Route152_Weather22.tar.gz	103199684
OppositeVehicleRunningRedLight_Town04_Route178_Weather22.tar.gz	159377987
OppositeVehicleRunningRedLight_Town04_Route179_Weather14.tar.gz	154512523
OppositeVehicleRunningRedLight_Town04_Route180_Weather23.tar.gz	128624000
OppositeVehicleRunningRedLight_Town05_Route235_Weather1.tar.gz	391759415
OppositeVehicleRunningRedLight_Town05_Route236_Weather10.tar.gz	162937340
OppositeVehicleRunningRedLight_Town05_Route268_Weather8.tar.gz	175380385
OppositeVehicleRunningRedLight_Town07_Route368_Weather3.tar.gz	213296837
OppositeVehicleRunningRedLight_Town12_Route807_Weather1.tar.gz	120507715
OppositeVehicleRunningRedLight_Town12_Route809_Weather3.tar.gz	148724268
OppositeVehicleRunningRedLight_Town12_Route929_Weather19.tar.gz	144007435
OppositeVehicleRunningRedLight_Town12_Route990_Weather2.tar.gz	156889229
OppositeVehicleRunningRedLight_Town12_Route991_Weather3.tar.gz	225847400
OppositeVehicleRunningRedLight_Town13_Route587_Weather15.tar.gz	142880901
OppositeVehicleRunningRedLight_Town13_Route588_Weather8.tar.gz	155103226
OppositeVehicleRunningRedLight_Town13_Route590_Weather18.tar.gz	161694959
OppositeVehicleRunningRedLight_Town15_Route440_Weather23.tar.gz	401563026
OppositeVehicleRunningRedLight_Town15_Route475_Weather7.tar.gz	413084044
OppositeVehicleTakingPriority_Town03_Route128_Weather23.tar.gz	106129668
OppositeVehicleTakingPriority_Town03_Route155_Weather25.tar.gz	138210779
OppositeVehicleTakingPriority_Town04_Route187_Weather5.tar.gz	794576550
OppositeVehicleTakingPriority_Town04_Route188_Weather6.tar.gz	764855087
OppositeVehicleTakingPriority_Town04_Route189_Weather7.tar.gz	231491277
OppositeVehicleTakingPriority_Town04_Route214_Weather6.tar.gz	202060383
OppositeVehicleTakingPriority_Town05_Route241_Weather7.tar.gz	274410640
OppositeVehicleTakingPriority_Town05_Route242_Weather15.tar.gz	205637120
OppositeVehicleTakingPriority_Town05_Route243_Weather9.tar.gz	189916897
OppositeVehicleTakingPriority_Town05_Route270_Weather6.tar.gz	240282150
OppositeVehicleTakingPriority_Town12_Route1025_Weather11.tar.gz	224958021
OppositeVehicleTakingPriority_Town12_Route1038_Weather23.tar.gz	182314425
OppositeVehicleTakingPriority_Town12_Route818_Weather12.tar.gz	232821407
OppositeVehicleTakingPriority_Town12_Route820_Weather14.tar.gz	288515040
OppositeVehicleTakingPriority_Town12_Route932_Weather22.tar.gz	180993644
OppositeVehicleTakingPriority_Town12_Route968_Weather6.tar.gz	226299482
OppositeVehicleTakingPriority_Town12_Route994_Weather6.tar.gz	219016269
OppositeVehicleTakingPriority_Town12_Route995_Weather7.tar.gz	237453197
OppositeVehicleTakingPriority_Town13_Route600_Weather2.tar.gz	177697783
OppositeVehicleTakingPriority_Town13_Route601_Weather3.tar.gz	180447632
OppositeVehicleTakingPriority_Town15_Route477_Weather9.tar.gz	318530800
ParkedObstacleTwoWays_Town12_Route1158_Weather14.tar.gz	482530535
ParkedObstacleTwoWays_Town12_Route1159_Weather23.tar.gz	393535967
ParkedObstacleTwoWays_Town12_Route1161_Weather9.tar.gz	223935830
ParkedObstacleTwoWays_Town12_Route1163_Weather19.tar.gz	486446316
ParkedObstacleTwoWays_Town12_Route1164_Weather20.tar.gz	259542565
ParkedObstacleTwoWays_Town12_Route1165_Weather21.tar.gz	248442683
ParkedObstacleTwoWays_Town12_Route1166_Weather22.tar.gz	275252053
ParkedObstacleTwoWays_Town12_Route1167_Weather23.tar.gz	575338142
ParkedObstacleTwoWays_Town12_Route1168_Weather23.tar.gz	234588500
ParkedObstacleTwoWays_Town12_Route1169_Weather25.tar.gz	293136258
ParkedObstacleTwoWays_Town12_Route1171_Weather1.tar.gz	1002010949
ParkedObstacleTwoWays_Town12_Route1172_Weather2.tar.gz	347207406
ParkedObstacleTwoWays_Town12_Route1173_Weather3.tar.gz	319307491
ParkedObstacleTwoWays_Town12_Route1174_Weather3.tar.gz	334388234
ParkedObstacleTwoWays_Town12_Route1175_Weather5.tar.gz	743983813
ParkedObstacleTwoWays_Town12_Route1178_Weather8.tar.gz	586363520
ParkedObstacleTwoWays_Town12_Route1181_Weather11.tar.gz	721667751
ParkedObstacleTwoWays_Town12_Route1182_Weather12.tar.gz	275180435
ParkedObstacleTwoWays_Town12_Route1183_Weather7.tar.gz	1168722927
ParkedObstacleTwoWays_Town13_Route1333_Weather26.tar.gz	460310894
ParkedObstacleTwoWays_Town13_Route1334_Weather26.tar.gz	807145291
ParkedObstacleTwoWays_Town13_Route1335_Weather26.tar.gz	447357779
ParkedObstacleTwoWays_Town13_Route1336_Weather26.tar.gz	616478401
ParkedObstacle_Town03_Route103_Weather25.tar.gz	95515824
ParkedObstacle_Town03_Route147_Weather0.tar.gz	131815830
ParkedObstacle_Town03_Route157_Weather1.tar.gz	141347413
ParkedObstacle_Town04_Route162_Weather6.tar.gz	317370488
ParkedObstacle_Town05_Route220_Weather12.tar.gz	587632134
ParkedObstacle_Town05_Route221_Weather13.tar.gz	282506156
ParkedObstacle_Town05_Route262_Weather1.tar.gz	309129874
ParkedObstacle_Town05_Route273_Weather7.tar.gz	311641955
ParkedObstacle_Town06_Route281_Weather21.tar.gz	241771866
ParkedObstacle_Town06_Route282_Weather22.tar.gz	174350658
ParkedObstacle_Town06_Route309_Weather23.tar.gz	213668943
ParkedObstacle_Town06_Route328_Weather8.tar.gz	224218241
ParkedObstacle_Town10HD_Route371_Weather7.tar.gz	264725091
ParkedObstacle_Town10HD_Route372_Weather8.tar.gz	241697687
ParkedObstacle_Town11_Route395_Weather5.tar.gz	99662965
ParkedObstacle_Town12_Route770_Weather8.tar.gz	225259718
ParkedObstacle_Town12_Route771_Weather9.tar.gz	143272357
ParkedObstacle_Town12_Route772_Weather11.tar.gz	131307783
ParkedObstacle_Town12_Route773_Weather19.tar.gz	330329941
ParkedObstacle_Town12_Route958_Weather22.tar.gz	269022668
ParkedObstacle_Town12_Route959_Weather23.tar.gz	153037259
ParkedObstacle_Town13_Route553_Weather11.tar.gz	501598203
ParkedObstacle_Town13_Route554_Weather12.tar.gz	164003255
ParkedObstacle_Town13_Route555_Weather9.tar.gz	583501922
ParkedObstacle_Town13_Route556_Weather10.tar.gz	238884711
ParkedObstacle_Town15_Route415_Weather25.tar.gz	615396231
ParkedObstacle_Town15_Route417_Weather1.tar.gz	701231429
ParkedObstacle_Town15_Route418_Weather2.tar.gz	429190268
ParkingCrossingPedestrian_Town12_Route758_Weather3.tar.gz	905366099
ParkingCrossingPedestrian_Town12_Route759_Weather5.tar.gz	213481964
ParkingCrossingPedestrian_Town12_Route760_Weather6.tar.gz	156242354
ParkingCrossingPedestrian_Town12_Route761_Weather7.tar.gz	220522651
ParkingCrossingPedestrian_Town12_Route896_Weather12.tar.gz	156894753
ParkingCrossingPedestrian_Town12_Route897_Weather13.tar.gz	435875764
ParkingCrossingPedestrian_Town12_Route898_Weather14.tar.gz	162362089
ParkingCrossingPedestrian_Town12_Route899_Weather15.tar.gz	195665848
ParkingCrossingPedestrian_Town12_Route952_Weather8.tar.gz	190679683
ParkingCrossingPedestrian_Town12_Route953_Weather9.tar.gz	131188732
ParkingCrossingPedestrian_Town13_Route545_Weather25.tar.gz	176560829
ParkingCrossingPedestrian_Town13_Route668_Weather18.tar.gz	408175419
ParkingCrossingPedestrian_Town13_Route669_Weather19.tar.gz	527770501
ParkingCrossingPedestrian_Town13_Route727_Weather25.tar.gz	180325591
ParkingCrossingPedestrian_Town13_Route728_Weather0.tar.gz	249052115
ParkingCrossingPedestrian_Town15_Route403_Weather13.tar.gz	253822166
ParkingCrossingPedestrian_Town15_Route405_Weather15.tar.gz	370797636
ParkingCrossingPedestrian_Town15_Route462_Weather20.tar.gz	393328697
ParkingCrossingPedestrian_Town15_Route513_Weather19.tar.gz	1547087124
ParkingCrossingPedestrian_Town15_Route514_Weather0.tar.gz	491668646
ParkingCutIn_Town12_Route1300_Weather13.tar.gz	163973527
ParkingCutIn_Town12_Route1301_Weather14.tar.gz	179297363
ParkingCutIn_Town12_Route1302_Weather15.tar.gz	196525634
ParkingCutIn_Town12_Route1303_Weather8.tar.gz	162860447
ParkingCutIn_Town12_Route1304_Weather9.tar.gz	152204658
ParkingCutIn_Town12_Route1310_Weather0.tar.gz	225139382
ParkingCutIn_Town12_Route1311_Weather1.tar.gz	217929599
ParkingCutIn_Town12_Route1312_Weather2.tar.gz	212398410
ParkingCutIn_Town12_Route1313_Weather3.tar.gz	170967903
ParkingCutIn_Town12_Route1314_Weather5.tar.gz	210343782
ParkingCutIn_Town12_Route1315_Weather6.tar.gz	187914234
ParkingCutIn_Town12_Route762_Weather8.tar.gz	211725259
ParkingCutIn_Town12_Route763_Weather9.tar.gz	331830740
ParkingCutIn_Town12_Route764_Weather10.tar.gz	214134854
ParkingCutIn_Town12_Route765_Weather11.tar.gz	148771721
ParkingCutIn_Town12_Route900_Weather19.tar.gz	471787638
ParkingCutIn_Town12_Route901_Weather9.tar.gz	154915854
ParkingCutIn_Town12_Route902_Weather18.tar.gz	192033306
ParkingCutIn_Town12_Route903_Weather20.tar.gz	194043424
ParkingCutIn_Town12_Route954_Weather18.tar.gz	454054301
ParkingCutIn_Town12_Route955_Weather19.tar.gz	220751743
ParkingCutIn_Town13_Route1342_Weather0.tar.gz	207092429
ParkingCutIn_Town13_Route1343_Weather1.tar.gz	204824312
ParkingCutIn_Town13_Route1344_Weather2.tar.gz	238463650
ParkingCutIn_Town13_Route1345_Weather3.tar.gz	229828432
ParkingCutIn_Town13_Route1346_Weather5.tar.gz	345154292
ParkingCutIn_Town13_Route1347_Weather6.tar.gz	209099363
ParkingCutIn_Town13_Route1348_Weather7.tar.gz	253436684
ParkingCutIn_Town13_Route1349_Weather10.tar.gz	325114249
ParkingCutIn_Town13_Route546_Weather0.tar.gz	244097919
ParkingCutIn_Town13_Route547_Weather1.tar.gz	207590563
ParkingCutIn_Town13_Route548_Weather2.tar.gz	328242714
ParkingCutIn_Town13_Route549_Weather3.tar.gz	711423576
ParkingCutIn_Town13_Route670_Weather20.tar.gz	179059695
ParkingCutIn_Town13_Route671_Weather21.tar.gz	300704290
ParkingCutIn_Town13_Route672_Weather22.tar.gz	169871866
ParkingCutIn_Town13_Route696_Weather20.tar.gz	187498023
ParkingCutIn_Town13_Route729_Weather1.tar.gz	233007995
ParkingExit_Town12_Route1305_Weather18.tar.gz	192536846
ParkingExit_Town12_Route1307_Weather20.tar.gz	149981334
ParkingExit_Town12_Route1308_Weather21.tar.gz	428773424
ParkingExit_Town12_Route1309_Weather22.tar.gz	178313263
ParkingExit_Town12_Route1316_Weather0.tar.gz	200663665
ParkingExit_Town12_Route1318_Weather2.tar.gz	178185934
ParkingExit_Town12_Route1319_Weather3.tar.gz	438910627
ParkingExit_Town12_Route1320_Weather5.tar.gz	197803110
ParkingExit_Town12_Route1321_Weather6.tar.gz	174604343
ParkingExit_Town12_Route1322_Weather7.tar.gz	193686163
ParkingExit_Town12_Route786_Weather6.tar.gz	192373313
ParkingExit_Town12_Route787_Weather7.tar.gz	231059862
ParkingExit_Town12_Route788_Weather8.tar.gz	435462312
ParkingExit_Town12_Route789_Weather9.tar.gz	136413212
ParkingExit_Town12_Route920_Weather10.tar.gz	175370496
ParkingExit_Town12_Route922_Weather12.tar.gz	153840673
ParkingExit_Town12_Route923_Weather13.tar.gz	157475379
ParkingExit_Town13_Route567_Weather21.tar.gz	229308443
ParkingExit_Town13_Route568_Weather22.tar.gz	178381928
ParkingExit_Town13_Route569_Weather23.tar.gz	184506542
ParkingExit_Town13_Route570_Weather23.tar.gz	195977159
ParkingExit_Town13_Route676_Weather0.tar.gz	259877946
ParkingExit_Town13_Route677_Weather1.tar.gz	752522503
ParkingExit_Town13_Route678_Weather2.tar.gz	396649603
ParkingExit_Town13_Route697_Weather21.tar.gz	173965377
ParkingExit_Town13_Route731_Weather3.tar.gz	484916912
ParkingExit_Town13_Route732_Weather3.tar.gz	638103650
PedestrianCrossing_Town12_Route1013_Weather25.tar.gz	160068740
PedestrianCrossing_Town12_Route1014_Weather0.tar.gz	303478056
PedestrianCrossing_Town12_Route1033_Weather20.tar.gz	165266426
PedestrianCrossing_Town12_Route1045_Weather5.tar.gz	382044587
PedestrianCrossing_Town12_Route864_Weather6.tar.gz	704986654
PedestrianCrossing_Town12_Route865_Weather7.tar.gz	432250053
PedestrianCrossing_Town12_Route866_Weather8.tar.gz	551493230
PedestrianCrossing_Town12_Route867_Weather9.tar.gz	85890287
PedestrianCrossing_Town12_Route943_Weather7.tar.gz	422692397
PedestrianCrossing_Town13_Route636_Weather12.tar.gz	548961492
PedestrianCrossing_Town13_Route637_Weather13.tar.gz	173129285
PedestrianCrossing_Town13_Route638_Weather14.tar.gz	469050270
PedestrianCrossing_Town13_Route687_Weather11.tar.gz	95993933
PedestrianCrossing_Town13_Route716_Weather14.tar.gz	528659607
PedestrianCrossing_Town13_Route718_Weather8.tar.gz	620818658
PedestrianCrossing_Town13_Route736_Weather8.tar.gz	634072221
PedestrianCrossing_Town13_Route747_Weather19.tar.gz	809131844
PedestrianCrossing_Town15_Route448_Weather6.tar.gz	1014723314
PedestrianCrossing_Town15_Route506_Weather12.tar.gz	1113447581
PedestrianCrossing_Town15_Route526_Weather6.tar.gz	1033439353
SignalizedJunctionLeftTurnEnterFlow_Town12_Route1019_Weather5.tar.gz	218224282
SignalizedJunctionLeftTurnEnterFlow_Town12_Route1020_Weather6.tar.gz	188616741
SignalizedJunctionLeftTurnEnterFlow_Town12_Route1034_Weather20.tar.gz	138158440
SignalizedJunctionLeftTurnEnterFlow_Town12_Route884_Weather0.tar.gz	251642768
SignalizedJunctionLeftTurnEnterFlow_Town12_Route885_Weather14.tar.gz	100976038
SignalizedJunctionLeftTurnEnterFlow_Town12_Route887_Weather3.tar.gz	184305182
SignalizedJunctionLeftTurnEnterFlow_Town12_Route948_Weather9.tar.gz	131559012
SignalizedJunctionLeftTurnEnterFlow_Town12_Route981_Weather19.tar.gz	184646790
SignalizedJunctionLeftTurnEnterFlow_Town13_Route1627_Weather3.tar.gz	354407865
SignalizedJunctionLeftTurnEnterFlow_Town13_Route1629_Weather6.tar.gz	259443776
SignalizedJunctionLeftTurnEnterFlow_Town13_Route1630_Weather7.tar.gz	169214567
SignalizedJunctionLeftTurnEnterFlow_Town13_Route1631_Weather10.tar.gz	120876892
SignalizedJunctionLeftTurnEnterFlow_Town13_Route1633_Weather12.tar.gz	118794979
SignalizedJunctionLeftTurnEnterFlow_Town13_Route1636_Weather15.tar.gz	255387627
SignalizedJunctionLeftTurnEnterFlow_Town13_Route657_Weather2.tar.gz	169878219
SignalizedJunctionLeftTurnEnterFlow_Town13_Route658_Weather8.tar.gz	153609789
SignalizedJunctionLeftTurnEnterFlow_Town13_Route659_Weather3.tar.gz	137411396
SignalizedJunctionLeftTurnEnterFlow_Town13_Route692_Weather8.tar.gz	140488832
SignalizedJunctionLeftTurnEnterFlow_Town13_Route719_Weather18.tar.gz	153616431
SignalizedJunctionLeftTurnEnterFlow_Town13_Route720_Weather19.tar.gz	286032344
SignalizedJunctionLeftTurnEnterFlow_Town13_Route721_Weather19.tar.gz	232674679
SignalizedJunctionLeftTurnEnterFlow_Town13_Route737_Weather23.tar.gz	196914202
SignalizedJunctionLeftTurnEnterFlow_Town15_Route498_Weather23.tar.gz	426738358
SignalizedJunctionLeftTurnEnterFlow_Town15_Route511_Weather9.tar.gz	447744563
SignalizedJunctionLeftTurnEnterFlow_Town15_Route529_Weather9.tar.gz	396723633
SignalizedJunctionLeftTurnEnterFlow_Town15_Route531_Weather11.tar.gz	449011100
SignalizedJunctionLeftTurnEnterFlow_Town15_Route536_Weather8.tar.gz	479957251
SignalizedJunctionLeftTurn_Town03_Route113_Weather26.tar.gz	162910901
SignalizedJunctionLeftTurn_Town03_Route114_Weather6.tar.gz	125330450
SignalizedJunctionLeftTurn_Town03_Route150_Weather26.tar.gz	145562214
SignalizedJunctionLeftTurn_Town04_Route172_Weather8.tar.gz	231721139
SignalizedJunctionLeftTurn_Town04_Route173_Weather26.tar.gz	833035773
SignalizedJunctionLeftTurn_Town04_Route174_Weather18.tar.gz	205333137
SignalizedJunctionLeftTurn_Town05_Route232_Weather23.tar.gz	156070829
SignalizedJunctionLeftTurn_Town05_Route233_Weather6.tar.gz	155075144
SignalizedJunctionLeftTurn_Town05_Route234_Weather7.tar.gz	175445418
SignalizedJunctionLeftTurn_Town05_Route267_Weather3.tar.gz	178594513
SignalizedJunctionLeftTurn_Town07_Route334_Weather26.tar.gz	276351823
SignalizedJunctionLeftTurn_Town07_Route336_Weather23.tar.gz	220806763
SignalizedJunctionLeftTurn_Town07_Route366_Weather2.tar.gz	272675358
SignalizedJunctionLeftTurn_Town10HD_Route380_Weather21.tar.gz	242935184
SignalizedJunctionLeftTurn_Town10HD_Route381_Weather22.tar.gz	258131195
SignalizedJunctionLeftTurn_Town12_Route1470_Weather5.tar.gz	404877154
SignalizedJunctionLeftTurn_Town12_Route799_Weather0.tar.gz	373939890
SignalizedJunctionLeftTurn_Town13_Route580_Weather26.tar.gz	155632527
SignalizedJunctionLeftTurn_Town13_Route581_Weather26.tar.gz	169868642
SignalizedJunctionLeftTurn_Town15_Route437_Weather26.tar.gz	435870480
SignalizedJunctionLeftTurn_Town15_Route471_Weather26.tar.gz	463018682
SignalizedJunctionRightTurn_Town03_Route118_Weather14.tar.gz	124093368
SignalizedJunctionRightTurn_Town03_Route151_Weather2.tar.gz	213195578
SignalizedJunctionRightTurn_Town04_Route176_Weather20.tar.gz	138702249
SignalizedJunctionRightTurn_Town04_Route177_Weather13.tar.gz	317376295
SignalizedJunctionRightTurn_Town04_Route211_Weather3.tar.gz	216855894
SignalizedJunctionRightTurn_Town07_Route338_Weather10.tar.gz	214016166
SignalizedJunctionRightTurn_Town07_Route339_Weather1.tar.gz	294723696
SignalizedJunctionRightTurn_Town12_Route803_Weather23.tar.gz	139010164
SignalizedJunctionRightTurn_Town12_Route804_Weather5.tar.gz	151455663
SignalizedJunctionRightTurn_Town12_Route805_Weather25.tar.gz	127020458
SignalizedJunctionRightTurn_Town12_Route964_Weather2.tar.gz	122252674
SignalizedJunctionRightTurn_Town12_Route988_Weather0.tar.gz	145014735
SignalizedJunctionRightTurn_Town13_Route583_Weather11.tar.gz	179461654
SignalizedJunctionRightTurn_Town15_Route438_Weather7.tar.gz	407447318
SignalizedJunctionRightTurn_Town15_Route473_Weather5.tar.gz	449912384
StaticCutIn_Town03_Route109_Weather1.tar.gz	132896437
StaticCutIn_Town03_Route110_Weather6.tar.gz	240442659
StaticCutIn_Town03_Route149_Weather19.tar.gz	75043129
StaticCutIn_Town03_Route158_Weather2.tar.gz	268878476
StaticCutIn_Town04_Route168_Weather12.tar.gz	219229076
StaticCutIn_Town04_Route208_Weather0.tar.gz	244136027
StaticCutIn_Town04_Route216_Weather8.tar.gz	196847195
StaticCutIn_Town05_Route226_Weather18.tar.gz	351706953
StaticCutIn_Town05_Route227_Weather2.tar.gz	278897358
StaticCutIn_Town05_Route265_Weather5.tar.gz	437808855
StaticCutIn_Town05_Route275_Weather15.tar.gz	283289118
StaticCutIn_Town06_Route287_Weather1.tar.gz	267411106
StaticCutIn_Town06_Route288_Weather2.tar.gz	253514436
StaticCutIn_Town12_Route782_Weather2.tar.gz	189294890
StaticCutIn_Town12_Route783_Weather3.tar.gz	198003265
StaticCutIn_Town12_Route785_Weather5.tar.gz	414568857
StaticCutIn_Town13_Route563_Weather9.tar.gz	266080463
StaticCutIn_Town13_Route564_Weather18.tar.gz	449116958
StaticCutIn_Town13_Route565_Weather8.tar.gz	123814612
StaticCutIn_Town13_Route566_Weather20.tar.gz	141863782
StaticCutIn_Town15_Route426_Weather10.tar.gz	359264845
StaticCutIn_Town15_Route427_Weather11.tar.gz	334100761
StaticCutIn_Town15_Route428_Weather12.tar.gz	383313944
StaticCutIn_Town15_Route429_Weather13.tar.gz	142446409
TJunction_Town01_Route90_Weather12.tar.gz	786008469
TJunction_Town01_Route91_Weather13.tar.gz	157092708
TJunction_Town02_Route97_Weather19.tar.gz	265051346
TJunction_Town05_Route259_Weather0.tar.gz	923002146
TJunction_Town05_Route260_Weather0.tar.gz	873535637
TJunction_Town05_Route261_Weather1.tar.gz	417017934
TJunction_Town06_Route304_Weather18.tar.gz	808918090
TJunction_Town06_Route305_Weather19.tar.gz	570775039
TJunction_Town06_Route306_Weather20.tar.gz	605867541
TJunction_Town07_Route363_Weather25.tar.gz	470403884
TJunction_Town07_Route364_Weather0.tar.gz	228334347
TJunction_Town07_Route365_Weather1.tar.gz	947724286
TJunction_Town12_Route1017_Weather3.tar.gz	314260836
TJunction_Town12_Route1018_Weather3.tar.gz	621528755
TJunction_Town12_Route1201_Weather5.tar.gz	552885794
TJunction_Town12_Route880_Weather22.tar.gz	503091053
TJunction_Town12_Route881_Weather23.tar.gz	212391115
TJunction_Town12_Route882_Weather23.tar.gz	413557323
TJunction_Town12_Route883_Weather25.tar.gz	413605161
TJunction_Town12_Route926_Weather8.tar.gz	558219496
TJunction_Town12_Route927_Weather9.tar.gz	481369883
TJunction_Town12_Route947_Weather11.tar.gz	390423152
TJunction_Town12_Route980_Weather18.tar.gz	588679777
TJunction_Town13_Route652_Weather2.tar.gz	813282733
TJunction_Town13_Route654_Weather3.tar.gz	486876743
TJunction_Town13_Route655_Weather5.tar.gz	724086134
TJunction_Town13_Route691_Weather15.tar.gz	323664419
TJunction_Town15_Route456_Weather14.tar.gz	1591072119
TJunction_Town15_Route457_Weather15.tar.gz	440147208
TJunction_Town15_Route495_Weather1.tar.gz	2181805980
TJunction_Town15_Route496_Weather2.tar.gz	940877841
TJunction_Town15_Route510_Weather8.tar.gz	456479032
VanillaNonSignalizedTurnEncounterStopsign_Town03_Route143_Weather13.tar.gz	272032974
VanillaNonSignalizedTurnEncounterStopsign_Town03_Route144_Weather14.tar.gz	232054659
VanillaNonSignalizedTurnEncounterStopsign_Town03_Route145_Weather15.tar.gz	111113126
VanillaNonSignalizedTurnEncounterStopsign_Town04_Route202_Weather20.tar.gz	377546253
VanillaNonSignalizedTurnEncounterStopsign_Town04_Route203_Weather21.tar.gz	127883702
VanillaNonSignalizedTurnEncounterStopsign_Town05_Route256_Weather22.tar.gz	126234252
VanillaNonSignalizedTurnEncounterStopsign_Town05_Route257_Weather23.tar.gz	171061933
VanillaNonSignalizedTurnEncounterStopsign_Town05_Route258_Weather25.tar.gz	133217178
VanillaNonSignalizedTurnEncounterStopsign_Town07_Route360_Weather22.tar.gz	154437628
VanillaNonSignalizedTurnEncounterStopsign_Town07_Route361_Weather23.tar.gz	126248334
VanillaNonSignalizedTurnEncounterStopsign_Town07_Route362_Weather23.tar.gz	150879629
VanillaNonSignalizedTurnEncounterStopsign_Town12_Route1015_Weather1.tar.gz	104823097
VanillaNonSignalizedTurnEncounterStopsign_Town12_Route1016_Weather2.tar.gz	202296097
VanillaNonSignalizedTurnEncounterStopsign_Town12_Route876_Weather18.tar.gz	180680546
VanillaNonSignalizedTurnEncounterStopsign_Town12_Route877_Weather19.tar.gz	149253551
VanillaNonSignalizedTurnEncounterStopsign_Town12_Route878_Weather20.tar.gz	128740499
VanillaNonSignalizedTurnEncounterStopsign_Town12_Route879_Weather21.tar.gz	140683523
VanillaNonSignalizedTurnEncounterStopsign_Town12_Route946_Weather10.tar.gz	113774579
VanillaNonSignalizedTurnEncounterStopsign_Town12_Route979_Weather9.tar.gz	100988023
VanillaNonSignalizedTurnEncounterStopsign_Town13_Route648_Weather23.tar.gz	98495071
VanillaNonSignalizedTurnEncounterStopsign_Town13_Route650_Weather0.tar.gz	112036615
VanillaNonSignalizedTurnEncounterStopsign_Town13_Route651_Weather1.tar.gz	118571242
VanillaNonSignalizedTurnEncounterStopsign_Town13_Route690_Weather14.tar.gz	96572873
VanillaNonSignalizedTurnEncounterStopsign_Town15_Route454_Weather12.tar.gz	72407775
VanillaNonSignalizedTurnEncounterStopsign_Town15_Route455_Weather13.tar.gz	212712569
VanillaNonSignalizedTurnEncounterStopsign_Town15_Route493_Weather25.tar.gz	199417101
VanillaNonSignalizedTurnEncounterStopsign_Town15_Route494_Weather0.tar.gz	245140959
VanillaNonSignalizedTurnEncounterStopsign_Town15_Route509_Weather15.tar.gz	230754756
VanillaNonSignalizedTurnEncounterStopsign_Town15_Route530_Weather10.tar.gz	221719175
VanillaNonSignalizedTurnEncounterStopsign_Town15_Route535_Weather15.tar.gz	232735839
VanillaSignalizedTurnEncounterGreenLight_Town03_Route137_Weather7.tar.gz	378181990
VanillaSignalizedTurnEncounterGreenLight_Town03_Route139_Weather9.tar.gz	289815871
VanillaSignalizedTurnEncounterGreenLight_Town04_Route196_Weather14.tar.gz	209742468
VanillaSignalizedTurnEncounterGreenLight_Town04_Route197_Weather15.tar.gz	628129389
VanillaSignalizedTurnEncounterGreenLight_Town04_Route198_Weather8.tar.gz	218589876
VanillaSignalizedTurnEncounterGreenLight_Town05_Route250_Weather8.tar.gz	148945382
VanillaSignalizedTurnEncounterGreenLight_Town05_Route251_Weather9.tar.gz	95496965
VanillaSignalizedTurnEncounterGreenLight_Town05_Route252_Weather21.tar.gz	107918192
VanillaSignalizedTurnEncounterGreenLight_Town07_Route354_Weather8.tar.gz	427204496
VanillaSignalizedTurnEncounterGreenLight_Town07_Route355_Weather9.tar.gz	375880080
VanillaSignalizedTurnEncounterGreenLight_Town07_Route356_Weather18.tar.gz	159967293
VanillaSignalizedTurnEncounterGreenLight_Town10HD_Route386_Weather22.tar.gz	322101083
VanillaSignalizedTurnEncounterGreenLight_Town10HD_Route387_Weather23.tar.gz	332924879
VanillaSignalizedTurnEncounterGreenLight_Town10HD_Route392_Weather2.tar.gz	398159526
VanillaSignalizedTurnEncounterGreenLight_Town12_Route868_Weather10.tar.gz	510520864
VanillaSignalizedTurnEncounterGreenLight_Town12_Route869_Weather11.tar.gz	82331323
VanillaSignalizedTurnEncounterGreenLight_Town12_Route870_Weather12.tar.gz	258805335
VanillaSignalizedTurnEncounterGreenLight_Town12_Route871_Weather13.tar.gz	351080524
VanillaSignalizedTurnEncounterGreenLight_Town12_Route944_Weather8.tar.gz	435359860
VanillaSignalizedTurnEncounterGreenLight_Town13_Route640_Weather8.tar.gz	355968568
VanillaSignalizedTurnEncounterGreenLight_Town13_Route641_Weather9.tar.gz	296790858
VanillaSignalizedTurnEncounterGreenLight_Town13_Route642_Weather18.tar.gz	100100710
VanillaSignalizedTurnEncounterGreenLight_Town13_Route643_Weather19.tar.gz	324443255
VanillaSignalizedTurnEncounterGreenLight_Town15_Route451_Weather9.tar.gz	588831063
VanillaSignalizedTurnEncounterGreenLight_Town15_Route489_Weather21.tar.gz	247793940
VanillaSignalizedTurnEncounterGreenLight_Town15_Route490_Weather22.tar.gz	1683081325
VanillaSignalizedTurnEncounterGreenLight_Town15_Route507_Weather13.tar.gz	704844551
VanillaSignalizedTurnEncounterRedLight_Town03_Route140_Weather10.tar.gz	173155928
VanillaSignalizedTurnEncounterRedLight_Town03_Route141_Weather11.tar.gz	202351813
VanillaSignalizedTurnEncounterRedLight_Town03_Route142_Weather12.tar.gz	205460671
VanillaSignalizedTurnEncounterRedLight_Town04_Route199_Weather9.tar.gz	352196033
VanillaSignalizedTurnEncounterRedLight_Town04_Route200_Weather18.tar.gz	350724291
VanillaSignalizedTurnEncounterRedLight_Town04_Route201_Weather19.tar.gz	315943192
VanillaSignalizedTurnEncounterRedLight_Town05_Route253_Weather19.tar.gz	215984762
VanillaSignalizedTurnEncounterRedLight_Town05_Route254_Weather20.tar.gz	546501052
VanillaSignalizedTurnEncounterRedLight_Town05_Route255_Weather21.tar.gz	158008959
VanillaSignalizedTurnEncounterRedLight_Town07_Route357_Weather19.tar.gz	461374424
VanillaSignalizedTurnEncounterRedLight_Town07_Route358_Weather20.tar.gz	452559764
VanillaSignalizedTurnEncounterRedLight_Town07_Route359_Weather21.tar.gz	435389862
VanillaSignalizedTurnEncounterRedLight_Town10HD_Route388_Weather23.tar.gz	380074897
VanillaSignalizedTurnEncounterRedLight_Town10HD_Route389_Weather25.tar.gz	244068300
VanillaSignalizedTurnEncounterRedLight_Town10HD_Route393_Weather3.tar.gz	450265273
VanillaSignalizedTurnEncounterRedLight_Town12_Route1054_Weather14.tar.gz	107360227
VanillaSignalizedTurnEncounterRedLight_Town12_Route872_Weather14.tar.gz	747862099
VanillaSignalizedTurnEncounterRedLight_Town12_Route874_Weather8.tar.gz	502644382
VanillaSignalizedTurnEncounterRedLight_Town12_Route875_Weather9.tar.gz	446535066
VanillaSignalizedTurnEncounterRedLight_Town12_Route945_Weather9.tar.gz	759763981
VanillaSignalizedTurnEncounterRedLight_Town12_Route969_Weather7.tar.gz	894701668
VanillaSignalizedTurnEncounterRedLight_Town13_Route603_Weather15.tar.gz	1028852978
VanillaSignalizedTurnEncounterRedLight_Town13_Route644_Weather20.tar.gz	190041755
VanillaSignalizedTurnEncounterRedLight_Town13_Route645_Weather21.tar.gz	602105976
VanillaSignalizedTurnEncounterRedLight_Town13_Route646_Weather22.tar.gz	143152548
VanillaSignalizedTurnEncounterRedLight_Town13_Route647_Weather23.tar.gz	619856233
VanillaSignalizedTurnEncounterRedLight_Town13_Route689_Weather13.tar.gz	128927380
VanillaSignalizedTurnEncounterRedLight_Town15_Route452_Weather10.tar.gz	487012199
VanillaSignalizedTurnEncounterRedLight_Town15_Route491_Weather23.tar.gz	1800939722
VanillaSignalizedTurnEncounterRedLight_Town15_Route492_Weather23.tar.gz	518948990
VehicleOpensDoorTwoWays_Town12_Route1196_Weather0.tar.gz	484536696
VehicleOpensDoorTwoWays_Town12_Route1197_Weather1.tar.gz	833068860
VehicleOpensDoorTwoWays_Town12_Route1203_Weather7.tar.gz	1124540424
VehicleTurningRoutePedestrian_Town12_Route1027_Weather13.tar.gz	177632894
VehicleTurningRoutePedestrian_Town12_Route1040_Weather0.tar.gz	691989898
VehicleTurningRoutePedestrian_Town12_Route826_Weather20.tar.gz	179002922
VehicleTurningRoutePedestrian_Town12_Route827_Weather22.tar.gz	229318698
VehicleTurningRoutePedestrian_Town12_Route829_Weather25.tar.gz	461662735
VehicleTurningRoutePedestrian_Town12_Route970_Weather8.tar.gz	817384606
VehicleTurningRoutePedestrian_Town12_Route999_Weather11.tar.gz	276278987
VehicleTurningRoutePedestrian_Town13_Route607_Weather19.tar.gz	174157353
VehicleTurningRoutePedestrian_Town13_Route609_Weather21.tar.gz	433136427
VehicleTurningRoutePedestrian_Town13_Route610_Weather12.tar.gz	116782311
VehicleTurningRoutePedestrian_Town13_Route680_Weather10.tar.gz	193367743
VehicleTurningRoutePedestrian_Town13_Route702_Weather14.tar.gz	204533029
VehicleTurningRoutePedestrian_Town13_Route703_Weather1.tar.gz	190955026
VehicleTurningRoutePedestrian_Town15_Route1387_Weather1.tar.gz	142262239
VehicleTurningRoutePedestrian_Town15_Route445_Weather11.tar.gz	330617001
VehicleTurningRoutePedestrian_Town15_Route481_Weather19.tar.gz	234243765
VehicleTurningRoutePedestrian_Town15_Route482_Weather20.tar.gz	318086239
VehicleTurningRoutePedestrian_Town15_Route523_Weathe.tar.gz	360371905
VehicleTurningRoute_Town12_Route1026_Weather12.tar.gz	158534487
VehicleTurningRoute_Town12_Route822_Weather18.tar.gz	429718393
VehicleTurningRoute_Town12_Route824_Weather20.tar.gz	136678128
VehicleTurningRoute_Town12_Route825_Weather21.tar.gz	322192849
VehicleTurningRoute_Town12_Route933_Weather23.tar.gz	164128081
VehicleTurningRoute_Town12_Route997_Weather9.tar.gz	434001195
VehicleTurningRoute_Town13_Route605_Weather9.tar.gz	352553801
VehicleTurningRoute_Town13_Route606_Weather18.tar.gz	500760797
VehicleTurningRoute_Town13_Route679_Weather3.tar.gz	195012475
VehicleTurningRoute_Town13_Route698_Weather22.tar.gz	205106000
VehicleTurningRoute_Town13_Route699_Weather23.tar.gz	200808587
VehicleTurningRoute_Town13_Route700_Weather23.tar.gz	234636000
VehicleTurningRoute_Town15_Route1367_Weather3.tar.gz	352512733
VehicleTurningRoute_Town15_Route1368_Weather5.tar.gz	366522208
VehicleTurningRoute_Town15_Route1369_Weather6.tar.gz	251428724
VehicleTurningRoute_Town15_Route1370_Weather7.tar.gz	343523800
VehicleTurningRoute_Town15_Route1374_Weather13.tar.gz	315159752
VehicleTurningRoute_Town15_Route1376_Weather15.tar.gz	306093213
VehicleTurningRoute_Town15_Route1377_Weather8.tar.gz	231038024
VehicleTurningRoute_Town15_Route1378_Weather9.tar.gz	254040737
VehicleTurningRoute_Town15_Route1379_Weather18.tar.gz	278122038
VehicleTurningRoute_Town15_Route1380_Weather19.tar.gz	250685466
VehicleTurningRoute_Town15_Route443_Weather1.tar.gz	487312838
VehicleTurningRoute_Town15_Route479_Weather11.tar.gz	234759870
VehicleTurningRoute_Town15_Route480_Weather18.tar.gz	248397689
VehicleTurningRoute_Town15_Route504_Weather10.tar.gz	311701616
VehicleTurningRoute_Town15_Route519_Weather25.tar.gz	264756036
YieldToEmergencyVehicle_Town03_Route148_Weather18.tar.gz	114626256
YieldToEmergencyVehicle_Town04_Route165_Weather7.tar.gz	183804370
YieldToEmergencyVehicle_Town04_Route166_Weather10.tar.gz	337303222
YieldToEmergencyVehicle_Town04_Route207_Weather25.tar.gz	141954055
YieldToEmergencyVehicle_Town05_Route225_Weather9.tar.gz	311757367
YieldToEmergencyVehicle_Town12_Route778_Weather14.tar.gz	129791102
YieldToEmergencyVehicle_Town12_Route779_Weather25.tar.gz	346567434
YieldToEmergencyVehicle_Town12_Route781_Weather8.tar.gz	366525037
YieldToEmergencyVehicle_Town12_Route917_Weather7.tar.gz	156581534
YieldToEmergencyVehicle_Town12_Route918_Weather8.tar.gz	152258286
YieldToEmergencyVehicle_Town12_Route919_Weather11.tar.gz	270793773
YieldToEmergencyVehicle_Town13_Route560_Weather14.tar.gz	561808864
YieldToEmergencyVehicle_Town13_Route561_Weather14.tar.gz	216266711
YieldToEmergencyVehicle_Town13_Route562_Weather15.tar.gz	494214024
YieldToEmergencyVehicle_Town13_Route673_Weather23.tar.gz	293601671
YieldToEmergencyVehicle_Town13_Route675_Weather25.tar.gz	355324884
YieldToEmergencyVehicle_Town15_Route423_Weather7.tar.gz	325792761
YieldToEmergencyVehicle_Town15_Route424_Weather8.tar.gz	281237114
YieldToEmergencyVehicle_Town15_Route425_Weather9.tar.gz	271277312
