band,filename,route,frame_idx,weather_id,scene_type,camera,orig_score,masked_score,masked_score_delta,masked_embedding_l2,max_l2,max_positive_score_delta,mean_l2,mean_abs_score_delta,max_row,max_col
selected,ConstructionObstacle_Town12_Route78_Weather0__00061.pt,ConstructionObstacle_Town12_Route78_Weather0,61,0,normal,rgb_front,0.0,0.006968641187995672,0.006968641187995672,0.05809967964887619,0.05809967964887619,0.006968641187995672,0.025498969480395317,0.000940766534768045,6,5
selected,ConstructionObstacle_Town12_Route78_Weather0__00062.pt,ConstructionObstacle_Town12_Route78_Weather0,62,0,normal,rgb_front,0.0,0.017421603202819824,0.017421603202819824,0.05729453265666962,0.05729453265666962,0.017421603202819824,0.025307757779955864,0.0048780483193695545,6,5
selected,ConstructionObstacle_Town12_Route78_Weather0__00063.pt,ConstructionObstacle_Town12_Route78_Weather0,63,0,normal,rgb_front,0.0,0.003484320593997836,0.003484320593997836,0.06663062423467636,0.06663062423467636,0.003484320593997836,0.0268071461468935,0.000313588825520128,6,5
selected,DynamicObjectCrossing_Town02_Route11_Weather11__00027.pt,DynamicObjectCrossing_Town02_Route11_Weather11,27,11,adverse,rgb_front,0.3484320640563965,0.3554007112979889,0.006968647241592407,0.041436128318309784,0.041436128318309784,0.006968647241592407,0.01966160535812378,0.0008013939950615168,4,1
selected,EnterActorFlow_Town03_Route132_Weather2__00448.pt,EnterActorFlow_Town03_Route132_Weather2,448,2,normal,rgb_front,0.3484320640563965,0.3484320640563965,0.0,0.03619292005896568,0.03619292005896568,0.0,0.02054585888981819,0.0,1,5
selected,DynamicObjectCrossing_Town02_Route11_Weather11__00031.pt,DynamicObjectCrossing_Town02_Route11_Weather11,31,11,adverse,rgb_front,0.3484320640563965,0.3554007112979889,0.006968647241592407,0.04012702405452728,0.04012702405452728,0.006968647241592407,0.01951488107442856,0.002822299487888813,4,1
selected,VehicleTurningRoutePedestrian_Town15_Route481_Weather19__00052.pt,VehicleTurningRoutePedestrian_Town15_Route481_Weather19,52,19,adverse,rgb_front,1.0,0.99303138256073,-0.0069686174392700195,0.027846094220876694,0.027846094220876694,0.0,0.012284129858016968,0.002996505470946431,6,1
selected,VehicleTurningRoute_Town15_Route504_Weather10__00100.pt,VehicleTurningRoute_Town15_Route504_Weather10,100,10,adverse,rgb_front,1.0,0.99303138256073,-0.0069686174392700195,0.03169522434473038,0.03169522434473038,0.0,0.012410050258040428,6.968617526581511e-05,5,4
selected,VanillaSignalizedTurnEncounterRedLight_Town07_Route359_Weather21__00222.pt,VanillaSignalizedTurnEncounterRedLight_Town07_Route359_Weather21,222,21,adverse,rgb_front,1.0,0.99303138256073,-0.0069686174392700195,0.01922505535185337,0.01922505535185337,0.0,0.012157666496932507,0.0011498219100758433,2,9
